Cantaloupe,CantaloupeGrapeSweetnessGreenSmoothie
Spinach,CantaloupeGrapeSweetnessGreenSmoothie
Grapes,CantaloupeGrapeSweetnessGreenSmoothie
Water,CantaloupeGrapeSweetnessGreenSmoothie
AlmondMilk,CantaloupeGrapeSweetnessGreenSmoothie
CoconutOil,CantaloupeGrapeSweetnessGreenSmoothie
Banana,ChocolateCoveredCherryGreenSmoothie
Spinach,ChocolateCoveredCherryGreenSmoothie
CacaoPowder,ChocolateCoveredCherryGreenSmoothie
Cinnamon,ChocolateCoveredCherryGreenSmoothie
Cherries,ChocolateCoveredCherryGreenSmoothie
AlmondMilk,ChocolateCoveredCherryGreenSmoothie
Peaches,StrawberryPeachRefresherGreenSmoothie
Strawberry,StrawberryPeachRefresherGreenSmoothie
AlmondMilk,StrawberryPeachRefresherGreenSmoothie
BokChoy,StrawberryPeachRefresherGreenSmoothie
GroundCinnamon,ThanksgivingInYourMouthGreenSmoothie
Spinach,ThanksgivingInYourMouthGreenSmoothie
Water,ThanksgivingInYourMouthGreenSmoothie
GroundNutmeg,ThanksgivingInYourMouthGreenSmoothie
SweetPotato,ThanksgivingInYourMouthGreenSmoothie
Mango,ThanksgivingInYourMouthGreenSmoothie
AlmondMilk,ThanksgivingInYourMouthGreenSmoothie
Banana,KiwiStrawberryTwistGreenSmoothie
OrangeJuice,KiwiStrawberryTwistGreenSmoothie
Kiwi,KiwiStrawberryTwistGreenSmoothie
LemonJuice,KiwiStrawberryTwistGreenSmoothie
Strawberry,KiwiStrawberryTwistGreenSmoothie
Kale,KiwiStrawberryTwistGreenSmoothie
Spinach,SPASkinCleanseGreenSmoothie
CoconutWater,SPASkinCleanseGreenSmoothie
Pineapple,SPASkinCleanseGreenSmoothie
Avocado,SPASkinCleanseGreenSmoothie
Spinach,PinaColadaGreenSmoothie
CoconutWater,PinaColadaGreenSmoothie
Pineapple,PinaColadaGreenSmoothie
CoconutFlakes,PinaColadaGreenSmoothie
AlmondMilk,PinaColadaGreenSmoothie
Banana,CranberryKaleCoolerGreenSmoothie
Water,CranberryKaleCoolerGreenSmoothie
BloodOrange,CranberryKaleCoolerGreenSmoothie
Kale,CranberryKaleCoolerGreenSmoothie
CranberryJuice,CranberryKaleCoolerGreenSmoothie
Lime,CranberryKaleCoolerGreenSmoothie
Banana,BerryCherryJubileeGreenSmoothie
Spinach,BerryCherryJubileeGreenSmoothie
Water,BerryCherryJubileeGreenSmoothie
Raspberries,BerryCherryJubileeGreenSmoothie
Cherries,BerryCherryJubileeGreenSmoothie
Blueberry,BerryCherryJubileeGreenSmoothie
Spinach,StrawberryAndMintPopsicle
honey,StrawberryAndMintPopsicle
Mint,StrawberryAndMintPopsicle
CoconutMilk,StrawberryAndMintPopsicle
Strawberry,StrawberryAndMintPopsicle
Banana,HealingCranberryCleanserGreenSmoothie
Water,HealingCranberryCleanserGreenSmoothie
Kale,HealingCranberryCleanserGreenSmoothie
Orange,HealingCranberryCleanserGreenSmoothie
Cranberries,HealingCranberryCleanserGreenSmoothie
Banana,BerryProteinBashGreenSmoothie
Spinach,BerryProteinBashGreenSmoothie
Strawberry,BerryProteinBashGreenSmoothie
Almond,BerryProteinBashGreenSmoothie
AlmondMilk,BerryProteinBashGreenSmoothie
Blueberry,BerryProteinBashGreenSmoothie
Banana,KiwiBerryPunchGreenSmoothie
Rasberry,KiwiBerryPunchGreenSmoothie
Spinach,KiwiBerryPunchGreenSmoothie
Water,KiwiBerryPunchGreenSmoothie
Kiwi,KiwiBerryPunchGreenSmoothie
Avocado,KiwiBerryPunchGreenSmoothie
Blueberry,KiwiBerryPunchGreenSmoothie
Carrot,BeginnersLuckWithTopsGreenSmoothie
Banana,BeginnersLuckWithTopsGreenSmoothie
Spinach,BeginnersLuckWithTopsGreenSmoothie
Water,BeginnersLuckWithTopsGreenSmoothie
Pineapple,BeginnersLuckWithTopsGreenSmoothie
Mango,BeginnersLuckWithTopsGreenSmoothie
GroundCinnamon,ASweetPearGreenSmoothie
Banana,ASweetPearGreenSmoothie
Spinach,ASweetPearGreenSmoothie
Pear,ASweetPearGreenSmoothie
AlmondMilk,ASweetPearGreenSmoothie
Banana,StrawberryBananaBlueberryGreenSmoothie
OrangeJuice,StrawberryBananaBlueberryGreenSmoothie
Spinach,StrawberryBananaBlueberryGreenSmoothie
Water,StrawberryBananaBlueberryGreenSmoothie
Strawberry,StrawberryBananaBlueberryGreenSmoothie
Blueberry,StrawberryBananaBlueberryGreenSmoothie
Spinach,SunshineInAJarGreenSmoothie
NavelOrangeJuice,SunshineInAJarGreenSmoothie
Pineapple,SunshineInAJarGreenSmoothie
Collards,SunshineInAJarGreenSmoothie
Banana,AvoBananaKaleGreenSmoothie
Water,AvoBananaKaleGreenSmoothie
Kale,AvoBananaKaleGreenSmoothie
avocado,AvoBananaKaleGreenSmoothie
Spinach,PeachCoconutDreamGreenSmoothie
CoconutWater,PeachCoconutDreamGreenSmoothie
Grape,PeachCoconutDreamGreenSmoothie
Peache,PeachCoconutDreamGreenSmoothie
Banana,AlmondButterAndJellyGreenSmoothie
AlmondButter,AlmondButterAndJellyGreenSmoothie
Spinach,AlmondButterAndJellyGreenSmoothie
Grape,AlmondButterAndJellyGreenSmoothie
AlmondMilk,AlmondButterAndJellyGreenSmoothie
Banana,PomegranateCitrusPunchGreenSmoothie
OrangeJuice,PomegranateCitrusPunchGreenSmoothie
Spinach,PomegranateCitrusPunchGreenSmoothie
Water,PomegranateCitrusPunchGreenSmoothie
PomegranateSeeds,PomegranateCitrusPunchGreenSmoothie
Celery,MangoGingerImmuneSupportGreenSmoothie
Lemon,MangoGingerImmuneSupportGreenSmoothie
Parsley,MangoGingerImmuneSupportGreenSmoothie
Ginger,MangoGingerImmuneSupportGreenSmoothie
Water,MangoGingerImmuneSupportGreenSmoothie
CucumberPeeled,MangoGingerImmuneSupportGreenSmoothie
Mango,MangoGingerImmuneSupportGreenSmoothie
Cilantro,CilantroMangoDetoxGreenSmoothie
Spinach,CilantroMangoDetoxGreenSmoothie
Water,CilantroMangoDetoxGreenSmoothie
Pineapple,CilantroMangoDetoxGreenSmoothie
Avocado,CilantroMangoDetoxGreenSmoothie
Mango,CilantroMangoDetoxGreenSmoothie
Cantaloupe,FreeRadicalFightingSuperGreenSmoothie
Spinach,FreeRadicalFightingSuperGreenSmoothie
Mint,FreeRadicalFightingSuperGreenSmoothie
Water,FreeRadicalFightingSuperGreenSmoothie
Apple,FreeRadicalFightingSuperGreenSmoothie
LimeJuice,FreeRadicalFightingSuperGreenSmoothie
Blueberry,FreeRadicalFightingSuperGreenSmoothie
Banana,PineappleKaleCoconutOilGreenSmoothie
Water,PineappleKaleCoconutOilGreenSmoothie
Kale,PineappleKaleCoconutOilGreenSmoothie
Pineapple,PineappleKaleCoconutOilGreenSmoothie
CoconutOil,PineappleKaleCoconutOilGreenSmoothie
Banana,BeginnersLuck
Spinach,BeginnersLuck
Water,BeginnersLuck
Pineapple,BeginnersLuck
Mango,BeginnersLuck
Banana,CilantroLimeadeGreenSmoothie
Cilantro,CilantroLimeadeGreenSmoothie
Spinach,CilantroLimeadeGreenSmoothie
Ginger,CilantroLimeadeGreenSmoothie
Water,CilantroLimeadeGreenSmoothie
Lime,CilantroLimeadeGreenSmoothie
